"ID","file_name","slope","p_val","r2"
"1",1,"Chill Coma Recovery.csv",0.711538461537449,0.317221573680643,0.079568141210919
"2",2,"Heat Knockdown.csv",6.46173902115755e-13,4.51670959639286e-11,1
"3",3,"Starvation.csv",5.56853337597692e-13,0.0137909172424656,1
